geo_id,geo_level,conversations,population,share_of_known,per_100k,usage_index,usage_index_lo,usage_index_hi
AE,country,4704.0,10986400,0.0058406703857896885,42.816573217796545,3.049149757343576,2.9620130450373092,3.1362864696498436
AL,country,381.0,2377128,0.00047306450191026176,16.027744404171756,1.1414036502209413,1.026790924615027,1.2560163758268552
AM,country,605.0,3033500,0.0007511916631383422,19.943959123125104,1.420293908422143,1.3071173174143047,1.5334704994299815
AO,country,375.0,37885849,0.0004656146672345096,0.989815484932118,0.07048895833731088,0.06335449139071687,0.07762342528390488
AR,country,4985.0,45696159,0.006189570976437415,10.909013162353537,0.7768770907388364,0.7553107826649791,0.7984433988126937
AT,country,3456.0,9177982,0.004291104773233241,37.655336434523406,2.681596197995,2.592191037805422,2.7710013581845776
AU,country,15906.0,27196812,0.01974951172541896,58.4847959385828,4.164950343814451,4.100223353999972,4.2296773336289295
AZ,country,657.0,10202830,0.0008157568969948608,6.439389855559683,0.45857626007677366,0.4235103629266598,0.49364215722688753
BA,country,394.0,3164253,0.0004892058103743914,12.451596000699059,0.8867309565140777,0.7991721504947081,0.9742897625334473
BD,country,2447.0,173562364,0.0030382909085942536,1.409867867436975,0.10040266987305599,0.09642449061892726,0.1043808491271847
BE,country,4812.0,11858610,0.005974767409953227,40.57811159992613,2.8897394125634492,2.8080902107979906,2.9713886143289074
BF,country,435.0,23548781,0.0005401130139920311,1.8472293746330224,0.13154903758339742,0.11918674215347315,0.1439113330133217
BG,country,1569.0,6441421,0.0019481317677091882,24.357979396161188,1.7346350112463975,1.6488023244473795,1.8204676980454155
BH,country,258.0,1588670,0.0003203428910573426,16.239999496434123,1.156519235482158,1.015395819976579,1.2976426509877375
BJ,country,556.0,14462724,0.0006903513466196996,3.844365694871865,0.27377358449569456,0.25101683558210547,0.2965303334092837
BO,country,728.0,12413315,0.0009039132739912613,5.864670315705354,0.41764804434653724,0.38730907425381905,0.4479870144392554
BR,country,25548.0,211998573,0.031721396049352674,12.051024513264059,0.8582045621317381,0.8476808626802823,0.8687282615831939
CA,country,25902.0,41288599,0.03216093629522205,62.734024954443235,4.46755596236084,4.413148380621703,4.521963544099977
CA-AB,subregion,2641.0,5057077,0.10205580029368576,52.22384393197889,0.8221299958301725,0.7907745944387616,0.8534853972215835
CA-BC,subregion,4895.0,5646420,0.18915681273668752,86.69209871033327,1.3647439442425304,1.3265116025283101,1.4029762859567507
CA-MB,subregion,446.0,1503865,0.017234716747816677,29.65691734297959,0.4668718251241086,0.42354206269860234,0.5102015875496148
CA-NB,subregion,240.0,866497,0.009274287039183864,27.697730055614734,0.4360294643340884,0.380864125775914,0.49119480289226275
CA-NS,subregion,487.0,1090852,0.018819074117010587,44.64400303615889,0.7028049118284954,0.6403845360534026,0.7652252876035881
CA-ON,subregion,11381.0,16103890,0.4397944199706314,70.6723654967837,1.1125544804181096,1.0921141860131574,1.1329947748230618
CA-QC,subregion,5379.0,9016222,0.20785995826570833,59.65913439132266,0.9391795052898412,0.91408065049265,0.9642783600870325
CA-SK,subregion,290.0,1266092,0.011206430172347168,22.905128537262694,0.36058228983214174,0.3190810124000262,0.40208356726425726
CH,country,6287.0,9005582,0.007806185101075632,69.8122564427263,4.971626844332993,4.84873222589904,5.094521462766946
CI,country,1044.0,31934230,0.0012962712335808748,3.2692192672251688,0.2328149682753982,0.21869230121498215,0.24693763533581423
CL,country,2720.0,19764771,0.0033772583863409763,13.761859421492918,0.9800403713345328,0.9432091953634753,1.0168715473055903
CM,country,1118.0,29123744,0.0013881525279151514,3.8387921552943194,0.27337666910585307,0.25735172153779545,0.2894016166739107
CO,country,6908.0,52886363,0.00857724299001598,13.061968356568592,0.9301981604708682,0.9082622642275915,0.9521340567141449
CR,country,772.0,5129910,0.0009585453949467771,15.048996960960329,1.071702894072424,0.9961028889913476,1.1473028991535006
CY,country,681.0,1358282,0.0008455562356978694,50.13686406799177,3.570458713014033,3.3022909736884487,3.8386264523396174
CZ,country,3027.0,10905028,0.0037584415939169616,27.757837944111653,1.9767533567233484,1.9063323311150306,2.047174382331666
DE,country,30270.0,83516593,0.03758441593916962,36.24429459185434,2.581109924367018,2.552032471424514,2.6101873773095217
DK,country,2537.0,5976992,0.003150038428730536,42.44609997804916,3.0227667868211126,2.9051415585026232,3.140392015139602
DO,country,1244.0,11427557,0.0015445990561059465,10.885966265580649,0.7752358234812932,0.7321554247423984,0.818316222220188
DZ,country,2107.0,46814308,0.0026161336103016314,4.500760750324452,0.3205182600649875,0.3068322586658742,0.33420426146410076
EC,country,1187.0,18135478,0.0014738256266863012,6.545181770229602,0.466110150967664,0.43959346331351506,0.492626838621813
EE,country,741.0,1372341,0.000920054582455391,53.9953262345146,3.8452361670369615,3.568369937826064,4.1221023962478585
EG,country,4584.0,116538258,0.005691673692274646,3.933472216480188,0.2801192377864819,0.272010062226018,0.2882284133469458
ES,country,15640.0,48848840,0.019419235721460613,32.01713694736661,2.2800761017773716,2.2443416569204007,2.315810546634343
FI,country,2050.0,5619911,0.002545360180881986,36.4774459951412,2.597713624554332,2.4852607884472695,2.710166460661395
FR,country,32332.0,68551653,0.04014467578940311,47.164435261685085,3.358779452103355,3.322167635860227,3.395391268346483
GB,country,35869.0,69226000,0.044536353330759004,51.814347210585616,3.6899194015462475,3.6517325971304424,3.728106205962052
GE,country,1324.0,3699557,0.0016439301851159753,35.78806867957434,2.548620142369607,2.411337006816208,2.6859032779230056
GH,country,1639.0,34427414,0.0020350465055929633,4.760740960677442,0.339032553380326,0.3226187965502333,0.3554463102104187
GR,country,2108.0,10405134,0.002617375249414257,20.259229722558114,1.4427456648219095,1.3811556163199252,1.5043357133238937
GT,country,734.0,18406359,0.0009113631086670135,3.9877522762649584,0.28398475103714377,0.2634398969104759,0.3045296051638116
HN,country,367.0,10825703,0.00045568155433350677,3.390080071474342,0.2414219786980712,0.21672181427203424,0.26612214312410815
HR,country,1084.0,3866200,0.001345936798085889,28.03786663907713,1.9966953876504834,1.8778305928473904,2.115560182453576
HT,country,237.0,11772557,0.0002942684696922101,2.01315653005545,0.1433654139925846,0.12511274863777394,0.16161807934739525
HU,country,1647.0,9562065,0.0020449796184939663,17.224312949138078,1.2266163707712288,1.1673759644829826,1.2858567770594749
ID,country,12692.0,283487931,0.015758883617441058,4.477086539532436,0.31883231911579984,0.3132853802711508,0.3243792579604488
IE,country,2577.0,5395790,0.00319970399323555,47.75945690992422,3.4011534670697943,3.2698352157975217,3.5324717183420664
IL,country,6872.0,9974400,0.008532543981961467,68.89637471928135,4.9064030226929,4.790397753773546,5.022408291612255
IN,country,61627.0,1450935791,0.076518493593763,4.247396775395969,0.3024751369326654,0.3000869944191229,0.30486327944620795
IQ,country,2580.0,46042015,0.003203428910573426,5.6035775150153615,0.39905451875497633,0.38365601755011014,0.4144530199598425
IT,country,17373.0,58952704,0.02157099630364036,29.469386170988866,2.0986399643721674,2.0674326353062904,2.1298472934380444
JM,country,368.0,2839175,0.0004569231934461321,12.961511706745798,0.9230442164157796,0.8287348846877727,1.0173535481437865
JO,country,682.0,11552876,0.0008467978748104948,5.903291959508611,0.4203984553902208,0.3888465932483893,0.4519503175320522
JP,country,29128.0,123975371,0.03616646407255145,23.49498917813281,1.6731778180117602,1.6539627097050789,1.6923929263184414
KE,country,3338.0,56432944,0.004144591357943448,5.9149846940467965,0.42123114460377453,0.4069411067456556,0.4355211824618935
KG,country,450.0,7221868,0.0005587376006814115,6.231074841024511,0.44374126445977435,0.4027416633867125,0.48474086553283613
KH,country,467.0,17638801,0.0005798454655960427,2.64757224711589,0.1885448476639778,0.1714442101960548,0.20564548513190084
KR,country,29075.0,51751065,0.03610065719958231,56.18241866133576,4.00098829387363,3.954998285317191,4.046978302430069
KW,country,455.0,4897263,0.0005649457962445384,9.290903919189146,0.6616446693805724,0.600848643538338,0.7224406952228069
KZ,country,2026.0,20592571,0.002515560842178977,9.838499524901481,0.7006412747321227,0.6701319869936888,0.7311505624705564
LB,country,714.0,5805962,0.0008865303264145063,12.297703636365515,0.8757716286160288,0.8115327668452115,0.9400104903868459
LK,country,2451.0,21916000,0.003043257465044755,11.183610147837197,0.7964323065987261,0.764901630428004,0.8279629827694482
LT,country,1147.0,2888278,0.0014241600621812869,39.712243766008676,2.8280772920978245,2.664408590517313,2.991745993678336
LU,country,520.0,677012,0.0006456523385651867,76.80809202791087,5.469829964617146,4.999688857615237,5.939971071619054
LV,country,713.0,1866124,0.0008852886873018809,38.207536047979666,2.720920674262884,2.521198085354577,2.920643263171191
MA,country,4325.0,38081173,0.0053700891621046775,11.357318221263824,0.8088027951766694,0.7846978771490183,0.8329077132043206
MD,country,631.0,2402306,0.0007834742800666016,26.266429006129943,1.8705438014136584,1.7245920623885618,2.016495540438755
MG,country,515.0,31964956,0.0006394441430020599,1.6111393990343674,0.1147360691997278,0.10482655363992126,0.12464558475953436
MK,country,408.0,1824359,0.0005065887579511465,22.364019362417157,1.5926366611655385,1.4380960240285905,1.7471772983024865
MN,country,243.0,3524788,0.00030171830436796223,6.894031641051887,0.4909532296875881,0.4292236875246431,0.552682771850533
MT,country,340.0,568847,0.00042215729829262204,59.77002603512016,4.25647702945212,3.8040308692122355,4.708923189692005
MU,country,319.0,1245779,0.0003960828769274895,25.60646792087521,1.8235451737391704,1.6234312736505847,2.0236590738277562
MX,country,9757.0,130861007,0.012114672821885627,7.456002535575781,0.5309735603187993,0.5204376803336241,0.5415094403039744
MY,country,3921.0,35557673,0.004868466960604032,11.027155798412343,0.7852905288773401,0.7607101818605666,0.8098708758941137
MZ,country,225.0,34631766,0.00027936880034070576,0.6496925395026057,0.04626736098415515,0.04022175914889221,0.052312962819418087
NG,country,7704.0,232679478,0.009565587723665765,3.31099247179848,0.23578981532680196,0.2305245170766925,0.2410551135769114
NL,country,10296.0,17993485,0.012783916303590695,57.22071071835167,4.074929474490716,3.99621730166316,4.153641647318272
NO,country,2619.0,5572279,0.003251852835965815,47.0005181004038,3.3471062159010354,3.2189151329434273,3.4752972988586435
NP,country,1584.0,29651054,0.0019667563543985687,5.342137247465132,0.38043624857474434,0.36170096058520873,0.39917153656428
NZ,country,2739.0,5287500,0.003400849529480858,51.801418439716315,3.688998688943715,3.550843068964501,3.827154308922929
OM,country,359.0,5281538,0.0004457484414325039,6.797262464077699,0.48406188621205404,0.4339881801301511,0.534135592293957
PA,country,559.0,4515577,0.0006940762639575757,12.379370344033553,0.8815874612050213,0.8085045949014082,0.9546703275086342
PE,country,3354.0,34217848,0.004164457583745454,9.801902211968445,0.6980350248745837,0.6744111161099152,0.721658933639252
PH,country,9281.0,115843670,0.011523652604275956,8.011659161005516,0.570544225069971,0.5589364763281849,0.5821519738117572
PK,country,8699.0,251269164,0.010801018640727997,3.4620244925875583,0.24654544603077236,0.2413643887836081,0.2517265032779366
PL,country,9310.0,36559233,0.011559660138542092,25.46552330569955,1.8135079099680678,1.7766695162621504,1.8503463036739853
PR,country,587.0,3203295,0.0007288421591110857,18.32488109899338,1.304992496062744,1.1994213988761038,1.410563593249384
PS,country,259.0,5289152,0.00032158453016996796,4.89681521725978,0.34872297826155607,0.30625253884283765,0.3911934176802745
PT,country,4406.0,10694681,0.005470661930227332,41.19804975950194,2.9338878379692668,2.8472560392290527,3.020519636709481
PY,country,515.0,6929153,0.0006394441430020599,7.432365831725754,0.5292902903980118,0.4835765893366365,0.5750039914593871
QA,country,634.0,2857822,0.0007871991974044776,22.184726690465677,1.5798684696432168,1.4568890684322378,1.702847870854196
RO,country,3833.0,19051804,0.004759202718693001,20.118829691928386,1.432747183225822,1.3873889400494117,1.4781054264022324
RS,country,1643.0,6586476,0.002040013062043465,24.945054077476332,1.7764430889963139,1.6905439939724034,1.8623421840202241
RW,country,504.0,14256567,0.000625786112763181,3.535212930293808,0.25175750506074646,0.229777730729399,0.2737372793920939
SA,country,3698.0,35300280,0.004591581438488578,10.475837585424252,0.7460288208746779,0.7219836302962097,0.7700740114531461
SE,country,4885.0,10569709,0.006065407065174879,46.21697721290151,3.2913069464255567,3.1990089712321876,3.3836049216189252
SG,country,5499.0,6036860,0.006827773480326849,91.09040130133877,6.486933777055775,6.315477386878924,6.658390167232625
SI,country,764.0,2127400,0.0009486122820457743,35.91238131051988,2.557472972009995,2.3761217673757145,2.7388241766442754
SK,country,1089.0,5422069,0.001352144993649016,20.08458394756688,1.4303083985389022,1.3453567482014401,1.5152600488763641
SN,country,892.0,18501984,0.0011075420884618203,4.821104590729297,0.3433313034691932,0.3207999621548169,0.36586264478356956
SV,country,475.0,6338193,0.0005897785784970455,7.494249543994637,0.5336972919879885,0.48570137807277547,0.5816932059032016
TG,country,296.0,9515236,0.00036752517733710626,3.1108004047403552,0.22153328924781457,0.1962956219051688,0.24677095659046033
TH,country,6217.0,71668011,0.007719270363191857,8.674720999303302,0.6177636705184717,0.6024073205032522,0.6331200205336911
TN,country,1851.0,12277109,0.0022982739974695397,15.0768393438553,1.0736856682336402,1.02477202426681,1.1225993122004703
TR,country,9170.0,85518661,0.011385830662774541,10.72280586806662,0.7636164796361581,0.7479869216571532,0.779246037615163
TZ,country,492.0,68560157,0.0006108864434116767,0.7176179599472038,0.05110461823528004,0.046588828954785735,0.05562040751577435
UA,country,5501.0,37860221,0.006830256758552099,14.529761989503442,1.0347259697592939,1.0073820608814554,1.0620698786371323
UG,country,480.0,50015092,0.0005959867740601724,0.9597103210366983,0.06834504194494641,0.06223080215435538,0.07445928173553744
US,country,222372.0,340110988,0.27610577275272635,65.3821863585307,4.656142766391289,4.636790033232985,4.6754954995495925
UY,country,593.0,3386588,0.0007362919937868379,17.51024925382125,1.2469791076396248,1.1466128104856572,1.3473454047935924
UZ,country,861.0,36361859,0.0010690512759704341,2.36786573535748,0.16862576076934788,0.15736212968481547,0.17988939185388028
VN,country,6306.0,100987686,0.007829776244215514,6.244325669567278,0.44468491215503136,0.4337092309921698,0.45566059331789294
ZA,country,4107.0,64007187,0.005099411835552349,6.416466950812883,0.4569438228172393,0.44296867112394694,0.4709189745105316
ZM,country,320.0,21314956,0.0003973245160401149,1.5012932703215527,0.1069134605335444,0.09519923802586984,0.11862768304121896
ZW,country,362.0,16634373,0.00044947335877038,2.1762166809653722,0.15497761885191086,0.13901255095018916,0.17094268675363256
